{"cameraMode":{"drawMode":0,"name":"Shaded","section":"Shading Mode"},"sceneLighting":false,"audioPlay":false,"sceneViewState":{"m_AlwaysRefresh":false,"showFog":true,"showSkybox":false,"showFlares":true,"showImageEffects":true,"showParticleSystems":true,"showVisualEffectGraphs":true,"m_FxEnabled":true},"in2DMode":false,"pivot":{"x":0.0833587646484375,"y":4.592453479766846,"z":-147.71075439453126},"rotation":{"x":0.025317180901765825,"y":0.8400039076805115,"z":-0.5405632257461548,"w":0.03934193029999733},"size":333.2652587890625,"orthographic":false}